jack,Blue,,mod
hank,Yellow,,mod
majorie,Pink,,vip
veronica,Blue,,vip
jenny,Green,,
alfredo,Purple,,vip
loana,Black,BigL,vip
abraham,Green,,mod
walter,Pink,walt,
kriss,Pink,,
jack,Blue,,mod
hank,Yellow,,mod
majorie,Pink,,vip
veronica,Blue,,vip
jenny,Green,,
alfredo,Purple,,vip
loana,Black,BigL,vip
abraham,Green,,mod
walter,Pink,walt,
kriss,Pink,,
jack,Blue,,mod
hank,Yellow,,mod
majorie,Pink,,vip
veronica,Blue,,vip
jenny,Green,,
alfredo,Purple,,vip
loana,Black,BigL,vip
abraham,Green,,mod
walter,Pink,walt,
kriss,Pink,,
jack,Blue,,mod
hank,Yellow,,mod
majorie,Pink,,vip
veronica,Blue,,vip
jenny,Green,,
alfredo,Purple,,vip
loana,Black,BigL,vip
abraham,Green,,mod
walter,Pink,walt,
kriss,Pink,,
jack,Blue,,mod
hank,Yellow,,mod
majorie,Pink,,vip
veronica,Blue,,vip
jenny,Green,,
alfredo,Purple,,vip
loana,Black,BigL,vip
abraham,Green,,mod
walter,Pink,walt,
kriss,Pink,,
jack,Blue,,mod
hank,Yellow,,mod
majorie,Pink,,vip
veronica,Blue,,vip
jenny,Green,,
alfredo,Purple,,vip
loana,Black,BigL,vip
abraham,Green,,mod
walter,Pink,walt,
kriss,Pink,,
jack,Blue,,mod
hank,Yellow,,mod
majorie,Pink,,vip
veronica,Blue,,vip
jenny,Green,,
alfredo,Purple,,vip
loana,Black,BigL,vip
abraham,Green,,mod
walter,Pink,walt,
kriss,Pink,,
jack,Blue,,mod
hank,Yellow,,mod
majorie,Pink,,vip
veronica,Blue,,vip
jenny,Green,,
alfredo,Purple,,vip
loana,Black,BigL,vip
abraham,Green,,mod
walter,Pink,walt,
kriss,Pink,,
jack,Blue,,mod
hank,Yellow,,mod
majorie,Pink,,vip
veronica,Blue,,vip
jenny,Green,,
alfredo,Purple,,vip
loana,Black,BigL,vip
abraham,Green,,mod
walter,Pink,walt,
kriss,Pink,,
jack,Blue,,mod
hank,Yellow,,mod
majorie,Pink,,vip
veronica,Blue,,vip
jenny,Green,,
alfredo,Purple,,vip
loana,Black,BigL,vip
abraham,Green,,mod
walter,Pink,walt,
kriss,Pink,,
jack,Blue,,mod
hank,Yellow,,mod
majorie,Pink,,vip
veronica,Blue,,vip
jenny,Green,,
alfredo,Purple,,vip
loana,Black,BigL,vip
abraham,Green,,mod
walter,Pink,walt,
kriss,Pink,,
jack,Blue,,mod
hank,Yellow,,mod
majorie,Pink,,vip
veronica,Blue,,vip
jenny,Green,,
alfredo,Purple,,vip
loana,Black,BigL,vip
abraham,Green,,mod
walter,Pink,walt,
kriss,Pink,,
jack,Blue,,mod
hank,Yellow,,mod
majorie,Pink,,vip
veronica,Blue,,vip
jenny,Green,,
alfredo,Purple,,vip
loana,Black,BigL,vip
abraham,Green,,mod
walter,Pink,walt,
kriss,Pink,,
jack,Blue,,mod
hank,Yellow,,mod
majorie,Pink,,vip
veronica,Blue,,vip
jenny,Green,,
alfredo,Purple,,vip
loana,Black,BigL,vip
abraham,Green,,mod
walter,Pink,walt,
kriss,Pink,,
jack,Blue,,mod
hank,Yellow,,mod
majorie,Pink,,vip
veronica,Blue,,vip
jenny,Green,,
alfredo,Purple,,vip
loana,Black,BigL,vip
abraham,Green,,mod
walter,Pink,walt,
kriss,Pink,,
jack,Blue,,mod
hank,Yellow,,mod
majorie,Pink,,vip
veronica,Blue,,vip
jenny,Green,,
alfredo,Purple,,vip
loana,Black,BigL,vip
abraham,Green,,mod
walter,Pink,walt,
kriss,Pink,,
jack,Blue,,mod
hank,Yellow,,mod
majorie,Pink,,vip
veronica,Blue,,vip
jenny,Green,,
alfredo,Purple,,vip
loana,Black,BigL,vip
abraham,Green,,mod
walter,Pink,walt,
kriss,Pink,,
jack,Blue,,mod
hank,Yellow,,mod
majorie,Pink,,vip
veronica,Blue,,vip
jenny,Green,,
alfredo,Purple,,vip
loana,Black,BigL,vip
abraham,Green,,mod
walter,Pink,walt,
kriss,Pink,,
jack,Blue,,mod
hank,Yellow,,mod
majorie,Pink,,vip
veronica,Blue,,vip
jenny,Green,,
alfredo,Purple,,vip
loana,Black,BigL,vip
abraham,Green,,mod
walter,Pink,walt,
kriss,Pink,,
